step	loss
0	0.20106932520866394
1	0.07419605553150177
2	0.04425065219402313
3	0.03496292605996132
4	0.03392089903354645
5	0.0320865698158741
6	0.03128136694431305
7	0.030361998826265335
8	0.030164476484060287
