{
    "train": {
        "loss": 0.028662635013461113
    },
    "eval": {
        "loss": 0.030164476484060287
    },
    "dice_multi": 0.843223234853038,
    "step": 8,
    "evaluate/dice_multi": 0.8696542325147709
}
